"Question","Time_Taken"
"Question1",1.81976389884949
"Question2",0.912205934524536
"Question3",14.090106010437
