"Question","Time_Taken"
"Question1",21.6598558425903
"Question2",1.24320912361145
"Question3",1.11407709121704
