"Question","Time_Taken"
"Question1",2.18622088432312
"Question2",0.62308406829834
"Question3",0.572816133499146
